Aiemjoy	Aiemjoy, Kristen	Kristen Aiemjoy <kristen.aiemjoy@gmail.com>
bellan	Bellan, Steve	Steve Bellan <steve.bellan@gmail.com>
Bolker	Ben Bolker	"Ben Bolker" <bbolker@gmail.com>
Bewketu	Bewketu Teshale Bekele	bewketu.bekele@gmail.com
brunham	"Brunham, Robert"	"Brunham, Robert" <Robert.Brunham@bccdc.ca>
burkhard	Burkhard, Tracy	Tracy Burkhard <ttburk@gmail.com>
cameron	Cameron, Caroline	Caroline Cameron <caroc@uvic.ca>
Carole	Carole Levin	clevin4@gmail.com
brendon	"Carson, Brendon"	"Carson, Brendon" <Brendon.Carson@sodexo.com>
Cauret	Cauret, Caroline	Caroline Cauret <cauretc@mcmaster.ca>
anping	Chen, Anping	Anping Chen <apchen1111@gmail.com>
nai	Chng, Nai Rui	Nai Rui Chng <NaiRui.Chng@glasgow.ac.uk>
Dad	Dad	"Dad" <leedushoff@gmail.com>
champredon	David CHAMPREDON	"David CHAMPREDON" <david.champredon@gmail.com>
Earn	David Earn	"David Earn" <earn@math.mcmaster.ca>
ilya	Fischhoff, Ilya	Ilya Fischhoff <fischhoff@gmail.com>
Franny	Franny Zabari	"Franny Zabari" <frannyzab@gmail.com>
tini	"Garske, Tini"	"Garske, Tini" <t.garske@imperial.ac.uk>
geroux	Geroux, Marge	Marge Geroux <geroux@mcmaster.ca>
edgar	=?UTF-8?Q?Gonz=C3=A1lez=2C_Edgar_J=2E?=	=?UTF-8?Q?=22Edgar_J=2E_Gonz=C3=A1lez=22_=3Cedgarjgonzalez=40ymail=2Ecom=3E?=
Guillaume	Guillaume Blanchet	"Guillaume Blanchet" <blanchet@math.mcmaster.ca>
gunderman	Gunderman, Marvin	Marvin Gunderman <gundermn@mcmaster.ca>
marvin	Gunderman, Marvin	Marvin Gunderman <gundermn@mcmaster.ca>
hampson	Hampson, Katie	Katie Hampson <KatieHampson@gmail.com>
hitchcock	Hitchcock, Gavin	Gavin Hitchcock <aghitchcock@gmail.com>
hladish	Hladish, Tom	Tom Hladish <tjhladish@gmail.com>
jls	"Jamie Lloyd-Smith"	jlloydsmith@ucla.edu
Nondi	Joseph Nondi	"Joseph Nondi" <josenondi@yahoo.co.uk>
Weitz	Joshua S. Weitz	"Joshua S. Weitz" <jsweitz@gatech.edu>
Pulliam	Juliet Pulliam	"Juliet Pulliam" <julietp@gmail.com>
kain	Kain, Morgan	Morgan Kain <morganpkain@gmail.com>
lab	Theobio Lab	Theobio Lab <lab@yushan.biology.mcmaster.ca>
ram	Laxminarayan, Ramanan	Ramanan Laxminarayan <ramanan@cddep.org>
Worden	Lee Worden	"Lee Worden" <worden.lee@gmail.com>
lriley	Leslie Riley	leslie@polytropon.com
mli	Li, Michael	Michael Li <wzmichael.li@gmail.com>
Keegan	Lindsay Keegan	"Lindsay Keegan" <keeganlt@mcmaster.ca>
mainse	Mainse, Jennifer	Jennifer Mainse <mainsej@mcmaster.ca>
walt	Mankowski, Walt	Walt Mankowski <waltman@pobox.com>
ellis	"McKenzie, Ellis (FIC)"	"McKenzie, Ellis (FIC)" <mckenzel@mail.nih.gov>
Miriam	Miriam Dushoff	"Miriam Dushoff" <miriam.dushoff@gmail.com>
MMED	MMED	"MMED" <Mmed@yushan.biology.mcmaster.ca>
Mom	Mom	"Mom" <elaine.dushoff@gmail.com>
pearson	Pearson, Carl	Carl Pearson <blank101@gmail.com>
penney	"Penney, Elizabeth"	"Penney, Elizabeth" <penneyl@mcmaster.ca>
pfaff	Pfaff, Todd	Todd Pfaff <pfaff@rhpcs.mcmaster.ca>
maria	Pino, Maria	Maria Pino <philly.maria@gmail.com>
Rachael, Winfree	Rachael Winfree	"Rachael Winfree" <rachael.winfree@gmail.com>
julio	Rakotonirina, Julio	Julio Rakotonirina <juliorakotonirina@yahoo.fr>
rekart	"Rekart, Michael"	"Rekart, Michael" <Michael.Rekart@bccdc.ca>
rhpcs	RHPCS	RHPCS <rhpcs@rhpcs.mcmaster.ca>
chyun	Shi, Chyun-Fung	Chyun-Fung Shi <chyun.shi@gmail.com>
sigal	Sigal Balshine	"Balshine, Sigal" <sigal@mcmaster.ca>,
simon	Simon Levin	slevin@princeton.edu
smith	Smith, David	David Smith <smitdave@gmail.com>
Spencer, Hunt	Spencer Doyle Hunt	"Spencer Doyle Hunt" <spencer.d.hunt@gmail.com>
jake	Szamosi, J. C.	"J. C. Szamosi" <jcszamosi@gmail.com>
tagliamonte	Tagliamonte, Massimiliano (Max)	"Massimiliano (Max) Tagliamonte" <mstagliamonte@ufl.edu>
tara	Tara Bolker	Tara Bolker <tara@tarabolker.com>
valeriotte	Valeriote, Matt	Matt Valeriote <matt@math.mcmaster.ca>
wilfred	wndifon@aims.ac.za	"wndifon@aims.ac.za" <wndifon@aims.ac.za>
woodworth	Woodworth, Rebecca	Rebecca Woodworth <woodwor@mcmaster.ca>
3SS	Bio 3SS Teaching Team	(cauret,gunderman,kain,li)
mathlist	Math distribution list	(<aaron.king@umich.edu>,<abrams@zoo.utoronto.ca>,<a.chmaj@mini.pw.edu.pl>,
   <adami@caltech.edu>,<adler@math.utah.edu>,<airwin@mta.ca>,<ake.svensson@smi.ki.se>,
   <akiselev@brocku.ca>,<alawnicz@uoguelph.ca>,<alawson@gwm.sc.edu>,<alexwelte@gmail.com>,
   <algraham@princeton.edu>,<alison.galvani@yale.edu>,<alun@alunlloyd.com>,<amarasek@ucla.edu>,
   <amedw@bas.ac.uk>,<amhastings@ucdavis.edu>,<amingare@math.carleton.ca>,<andrew.read@psu.edu>,
   <andrew.rutenberg@dal.ca>,<andrew.william.park@gmail.com>,<angela.mclean@zoo.ox.ac.uk>,
   <ann.kinzig@asu.edu>,<ann_m_jolly@phac-aspc.gc.ca>,<aoberman@cs.sfu.ca>,<apchen1111@gmail.com>,
   <a.rambaut@ed.ac.uk>,<arditi@inapg.inra.fr>,<arinoj@cc.umanitoba.ca>,<arives@wisc.edu>,
   <aroos@science.uva.nl>,<arvind@mitacs.ca>,<asmonto@umich.edu>,<asp@lanl.gov>,
   <awillms@uoguelph.ca>,<babak.pourbohloul@bccdc.ca>,<barbault@mnhn.fr>,<bard@pitt.edu>,
   <barry@cs.laurentian.ca>,<bascompte@ebd.csic.es>,<beisner.beatrix@uqam.ca>,
   <bernard.duval@ssss.gouv.qc.ca>,<betz@scharp.org>,<b.f.finkenstadt@warwick.ac.uk>,
   <bjerklov@math.utoronto.ca>,<bobhogg@cfenet.ubc.ca>,<boden@mcmaster.ca>,
   <boelle@b3e.jussieu.fr>,<boerlijst@uva.nl>,<boni@rff.org>,<bootsma@math.uu.nl>,
   <boyar@alcor.concordia.ca>,<bprotas@mcmaster.ca>,<brauer@math.ubc.ca>,<brian@helix.biology.mcmaster.ca>,
   <brockmann@ds.mpg.de>,<butscher@utsc.utoronto.ca>,<campbell@math.carleton.ca>,
   <carolhorvitz@miami.edu>,<cbastion@press.uchicago.edu>,<cbauch@uoguelph.ca>,
   <cbergst@u.washington.edu>,<cbose@math.uvic.ca>,<cbriggs@socrates.berkeley.edu>,
   <c.fraser@imperial.ac.uk>,<chica694@yahoo.com>,<choksi@cs.sfu.ca>,<ckremen@gmail.com>,
   <c.mazancourt@imperial.ac.uk>,<cmccluskey@wlu.ca>,<cmills@hsph.harvard.edu>,
   <cnchen@mail.ndhu.edu.tw>,<cneuhaus@cbs.umn.edu>,<colin.w.clark612@gmail.com>,
   <colleen.webb@colostate.edu>,<colliand@math.toronto.edu>,<coombs@math.ubc.ca>,
   <craig@math.mcmaster.ca>,<ctarnita@princeton.edu>,<cuddingt@ohio.edu>,<cushing@math.arizona.edu>,
   <cviboud@mail.nih.gov>,<dar@maths.warwick.ac.uk>,<davesmith@ufl.edu>,<david.brook@nottingham.ac.uk>,
   <david@davidleaman.ca>,<david.earn@gmail.com>,<david.fisman@gmail.com>,<david.fisman@sickkids.ca>,
   <dcumming@jhsph.edu>,<ddangelis@bio.miami.edu>,<ddeangelis@umiami.ir.miami.edu>,
   <devries@math.ualberta.ca>,<d.haydon@bio.gla.ac.uk>,<diacu@math.uvic.ca>,
   <dieckmann@iiasa.ac.at>,<diehl@zi.biologie.uni-muenchen.de>,<dir@princeton.edu>,
   <dmuraki@cs.sfu.ca>,<dobber@princeton.edu>,<doebeli@math.ubc.ca>,<donburke@pitt.edu>,
   <dsiegel@math.uwaterloo.ca>,<dsmith@epi.ufl.edu>,<dsmith@zoo.cam.ac.uk>,
   <dushoff@eno.princeton.edu>,<dwilson@binghamton.edu>,<dwodarz@uci.edu>,
   <earn@math.mcmaster.ca>,<ech15@psu.edu>,<edwards@math.uvic.ca>,<egoldste@hsph.harvard.edu>,
   <ekeland@pims.math.ca>,<elja.arjas@rni.helsinki.fi>,<epalsson@sfu.ca>,<eric.forgoston@montclair.edu>,
   <erikvolz@umich.edu>,<essex@uwo.ca>,<eva.kisdi@helsinki.fi>,<evansb@mcmaster.ca>,
   <fabrice.carrat@free.fr>,<ferriere@biologie.ens.fr>,<fiona.kouyoumdjian@utoronto.ca>,
   <flahault@u707.jussieu.fr>,<foster@math.mun.ca>,<freddy.christiansen@biology.aau.dk>,
   <frederic.guichard@mcgill.ca>,<fridolin.ting@lakeheadu.ca>,<frithjof.lutscher@uottawa.ca>,
   <froberts@dimacs.rutgers.edu>,<gaidash@math.toronto.edu>,<gang.bao@bme.gatech.edu>,
   <garys@vet.upenn.edu>,<gbazykin@iitp.ru>,<gdafni@mathstat.concordia.ca>,<g.d.ruxton@bio.gla.ac.uk>,
   <gdwyer@uchicago.edu>,<getz@nature.berkeley.edu>,<geza.meszena@elte.hu>,<gfox@cas.usf.edu>,
   <g.garnett@imperial.ac.uk>,<ggomes@igc.gulbenkian.pt>,<gianpi@mat.uniroma2.it>,
   <gina.ogilvie@bccdc.ca>,<g.j.gibson@ma.hw.ac.uk>,<gkilleen@ihi.or.tz>,<gmackie@dss.ucsd.edu>,
   <gmleung@hku.hk>,<gomulki@wsu.edu>,<g.o.roberts@lancaster.ac.uk>,<gpwright@cms.math.ca>,
   <graham.medley@warwick.ac.uk>,<grenfell@princeton.edu>,<grenfell@psu.edu>,
   <gross@tiem.utk.edu>,<gschmidt@math.mcgill.ca>,<gucken@cam.cornell.edu>,<gumelab@cc.umanitoba.ca>,
   <hadi.dowlatabadi@gmail.com>,<halsmith@asu.edu>,<hanna.kokko@helsinki.fi>,
   <hans-peter.duerr@uni-tuebingen.de>,<hartvig@geneseo.edu>,<haskell@math.mcmaster.ca>,
   <hcaswell@whoi.edu>,<heberl@uoguelph.ca>,<hedaihai@gmail.com>,<heiko.becher@urz.uni-heidelberg.de>,
   <herbert-hethcote@uiowa.edu>,<hfuks@brocku.ca>,<hmullerlandau@gmail.com>,
   <hochberg@isem.univ-montp2.fr>,<holger.teismann@acadiau.ca>,<hoppe@mcmaster.ca>,
   <h.thieme@asu.edu>,<huaiping@mathstat.yorku.ca>,<huck@mails.phys.sinica.edu.tw>,
   <icouzin@princeton.edu>,<ig210@maths.bath.ac.uk>,<ilkka.hanski@helsinki.fi>,
   <ivrii@math.toronto.edu>,<jacco.wallinga@rivm.nl>,<j.a.p.heesterbeek@uu.nl>,
   <j.a.p.heesterbeek@vet.uu.nl>,<jchase@biology2.wustl.edu>,<j.d.f.habbema@erasmusmc.nl>,
   <jepstein@brookings.edu>,<jfryxell@uoguelph.ca>,<j.gog@damtp.cam.ac.uk>,<jgulati@upei.ca>,
   <jhargrove@sun.ac.za>,<jimclark@duke.edu>,<jim_gilliam@ncsu.edu>,<jimscott73@gmail.com>,
   <jjstachowicz@ucdavis.edu>,<j.koella@imperial.ac.uk>,<jkoopman@umich.edu>,
   <jlloydsmith@psu.edu>,<jlucas@mitacs.ca>,<jma@math.uvic.ca>,<joan.roughgarden@stanford.edu>,
   <john.edmunds@hpa.org.uk>,<johnson-r@rmc.ca>,<jonathan.jeschke@helsinki.fi>,
   <jordib@complex.upc.es>,<joseph.hofbauer@univie.ac.at>,<jplotkin@sas.upenn.edu>,
   <jsweitz@gatech.edu>,<julietp@gmail.com>,<junlingm@gmail.com>,<jurdj@math.utoronto.ca>,
   <jwg3@cdc.gov>,<jx.velasco@im.unam.mx>,<kari.auranen@rni.helsinki.fi>,<karl.sigmund@univie.ac.at>,
   <kathryn.glass@anu.edu.au>,<kay.teschke@ubc.ca>,<kchang@math.ucalgary.ca>,
   <kendall@bren.ucsb.edu>,<kerrb@u.washington.edu>,<keshet@math.ubc.ca>,<kinzig@asu.edu>,
   <kkoelle@umich.edu>,<klaus.dietz@uni-tuebingen.de>,<klausme1@msu.edu>,<klopfer@mit.edu>,
   <kondrash@umich.edu>,<kot@amath.washington.edu>,<kozlo@eko.uj.edu.pl>,<krivan@entu.cas.cz>,
   <k-shea@psu.edu>,<ksmccann@uoguelph.ca>,<kuang@asu.edu>,<kxf4@cdc.gov>,<lassig@thp.uni-koeln.de>,
   <laurenmeyers@mail.utexas.edu>,<lchao@biomail.ucsd.edu>,<ldill@sfu.ca>,
   <leah.gerber@asu.edu>,<leo@mast.queensu.ca>,<lessards@dms.umontreal.ca>,<lewi@post.tau.ac.il>,
   <lincy@ccu.edu.tw>,<linda.j.allen@ttu.edu>,<lipsitch@hsph.harvard.edu>,<lixiaorang@trentu.ca>,
   <ljd@phy.ulaval.ca>,<loebm@mcmaster.ca>,<longini@scharp.org>,<lpachter@math.berkeley.edu>,
   <lsimonsen2@gmail.com>,<lwahl@uwo.ca>,<mackey@cnd.mcgill.ca>,<maelena@math.ucalgary.ca>,
   <maholyoak@ucdavis.edu>,<manoj.gambhir@monash.edu>,<markus.schwehm@uni-tuebingen.de>,
   <mark.woolhouse@ed.ac.uk>,<martin.eichner@uni-tuebingen.de>,<martin_nowak@harvard.edu>,
   <martin.schechter@ubc.ca>,<masha@math.utoronto.ca>,<mats.gyllenberg@helsinki.fi>,
   <mc.boily@imperial.ac.uk>,<mckenzel@mail.nih.gov>,<melkonia@math.carleton.ca>,
   <metz@rulsfb.leidenuniv.nl>,<m.g.roberts@massey.ac.nz>,<michel.loreau@mcgill.ca>,
   <millermark@mail.nih.gov>,<minus.van.baalen@ens.fr>,<miriam.dushoff@gmail.com!>,
   <mirjam.kretzschmar@uni-bielefeld.de>,<m.j.keeling@warwick.ac.uk>,
   <mlewis@math.ualberta.ca>,<mli@math.ualberta.ca>,<mlz5@cornell.edu>,<mneubert@whoi.edu>,
   <morrism@u.washington.edu>,<mpugh@math.toronto.edu>,<mrt@cs.sfu.ca>,<msmangel@cats.ucsc.edu>,
   <muldoon@yorku.ca>,<murdoch@lifesci.lscf.ucsb.edu>,<murray.krahn@uhn.on.ca>,<mwambih@ukzn.ac.za>,
   <mwdeem@rice.edu>,<nachman@math.utoronto.ca>,<ndifon@gmail.com>,<neil.ferguson@imperial.ac.uk>,
   <n.f.britton@bath.ac.uk>,<n.grassly@imperial.ac.uk>,<niels.becker@anu.edu.au>,
   <nisbet@lifesci.ucsb.edu>,<nkamran@math.mcgill.ca>,<n.keiding@biostat.ku.dk>,
   <n.p.french@massey.ac.nz>,<o.diekmann@math.uu.nl>,<offind@mast.queensu.ca>,
   <okaltz@snv.jussieu.fr>,<oliver.pybus@zoo.ox.ac.uk>,<olivieri@isem.isem.univ-montp2.fr>,
   <olof.leimar@zoologi.su.se>,<onb1@psu.edu>,<o.petchey@sheffield.ac.uk>,
   <otto@zoology.ubc.ca>,<parker@biology.ucsc.edu>,<pascual@umich.edu>,<pchesson@u.arizona.edu>,
   <pdo@maths.nott.ac.uk>,<per.lundberg@teorekol.lu.se>,<peter.turchin@uconn.edu>,
   <pfeiffer@rvc.ac.uk>,<pgora@vax2.concordia.ca>,<p.hammerstein@itb.biologie.hu-berlin.de>,
   <pietro-luciano.buono@uoit.ca>,<ping_yan@phac-aspc.gc.ca>,<pivato@xaravve.trentu.ca>,
   <poinarh@mcmaster.ca>,<predator@zoo.ufl.edu>,<pugliese@science.unitn.it>,<pvdd@math.uvic.ca>,
   <pyu@pyu1.apmaths.uwo.ca>,<ralfw@math.sfu.ca>,<ramanan@rff.org>,<rantia@emory.edu>,
   <rdholt@zoo.ufl.edu>,<reftimie@maths.dundee.ac.uk>,<reid@uwo.ca>,<reinhard.buerger@univie.ac.at>,
   <richard.karsten@acadiau.ca>,<r.j.deboer@bio.uu.nl>,<rjerrard@math.utoronto.ca>,
   <rl1@york.ac.uk>,<rlc@unm.edu>,<rmbush@uci.edu>,<rmelnik@wlu.ca>,<robert.brunham@bccdc.ca>,
   <rohani@uga.edu>,<rosenber@egr.msu.edu>,<rowland.kao@zoo.ox.ac.uk>,<rsmith43@uottawa.ca>,
   <rtyson@ouc.bc.ca>,<rwinfree@rci.rutgers.edu>,<ryassawi@trentu.ca>,<sacampbe@math.uwaterloo.ca>,
   <safrank@uci.edu>,<sanco@brocku.ca>,<sasaki@iiasa.ac.at>,<sblower@mednet.ucla.edu>,
   <s.devlas@erasmusmc.nl>,<sdube@math.carleton.ca>,<seabloom@science.oregonstate.edu>,
   <sebastian.bonhoeffer@env.ethz.ch>,<seubank@vbi.vt.edu>,<sflaxman@princeton.edu>,
   <shafiqul.islam@uleth.ca>,<singer@opr.princeton.edu>,<sjschr@wm.edu>,<skryazhi@gmail.com>,
   <slevin@eno.princeton.edu>,<smitdave@gmail.com>,<snuismer@uidaho.edu>,<spe2@cornell.edu>,
   <sruuth@cs.sfu.ca>,<sstack@wlu.ca>,<sstewar@mcmaster.ca>,<stefan.geritz@helsinki.fi>,
   <steinsal@stats.ox.ac.uk>,<steve.bellan@gmail.com>,<steve.leach@hpa.org.uk>,
   <steven.riley@hku.hk>,<stru@malaria.procc.fiocruz.br>,<suzanne.alonzo@yale.edu>,
   <tbhattac@ubishops.ca>,<tday@mast.queensu.ca>,<tfukami@hawaii.edu>,<thillen@math.ualberta.ca>,
   <thomas-a.smith@unibas.ch>,<thomas.hagenaars@wur.nl>,<tilman@umn.edu>,<tkeitt@mail.utexas.edu>,
   <tom.britton@math.su.se>,<tony.humphries@mcgill.ca>,<tpkill@wm.edu>,<troy.day@mac.com>,
   <tupper@math.mcgill.ca>,<valerie@stats.ucl.ac.uk>,<valleron@u707.jussieu.fr>,
   <vern.farewell@mrc-bsu.cam.ac.uk>,<viggo@fatou.ruc.dk>,<vincent.jansen@rhul.ac.uk>,
   <vleblanc@uottawa.ca>,<walt@drexel.edu>,<ward@math.ubc.ca>,<watmough@unb.ca>,
   <weiss@math.gatech.edu>,<wgetz@berkeley.edu>,<wglezen@bcm.tmc.edu>,<whelanfj@univmail.cis.mcmaster.ca>,
   <wolf.alt@uni-bonn.de>,<wolkowic@math.mcmaster.ca>,<wpbyers@vax2.concordia.ca>,
   <wrightge@mcmaster.ca>,<wujh@mathstat.yorku.ca>,<xingpengjiang@gmail.com>,<xu@math.mcgill.ca>,
   <xzhao@math.mun.ca>,<xzliu@uwaterloo.ca>,<xzou@uwo.ca>,<yampol@math.toronto.edu>,
   <ychen@wlu.ca>,<yiwasscb@mbox.nc.kyushu-u.ac.jp>,<yyuan@math.mun.ca>,<zfeng@math.purdue.edu>)
